{
   "action_manifest_version" : 0,
   "alias_info" : {},
   
   "bindings" : {
      "/actions/buggy" : {
         "chords" : [],
         "haptics" : [],
         "poses" : [],
         "skeleton" : [],
         "sources" : [
            {
               "inputs" : {
                  "pull" : {
                     "output" : "/actions/buggy/in/throttle"
                  }
               },
               "mode" : "trigger",
               "path" : "/user/hand/left/input/trigger"
            },
            {
               "inputs" : {
                  "pull" : {
                     "output" : "/actions/buggy/in/throttle"
                  }
               },
               "mode" : "trigger",
               "path" : "/user/hand/right/input/trigger"
            },
            {
               "inputs" : {
                  "click" : {
                     "output" : "/actions/buggy/in/brake"
                  },
                  "position" : {
                     "output" : "/actions/buggy/in/steering"
                  }
               },
               "mode" : "trackpad",
               "path" : "/user/hand/left/input/trackpad"
            },
            {
               "inputs" : {
                  "click" : {
                     "output" : "/actions/buggy/in/brake"
                  },
                  "position" : {
                     "output" : "/actions/buggy/in/steering"
                  }
               },
               "mode" : "trackpad",
               "path" : "/user/hand/right/input/trackpad"
            },
            {
               "inputs" : {
                  "click" : {
                     "output" : "/actions/buggy/in/reset"
                  }
               },
               "mode" : "button",
               "path" : "/user/hand/left/input/application_menu"
            },
            {
               "inputs" : {
                  "click" : {
                     "output" : "/actions/buggy/in/reset"
                  }
               },
               "mode" : "button",
               "path" : "/user/hand/right/input/application_menu"
            }
         ]
      },
      "/actions/default" : {
         "chords" : [],
         "haptics" : [
            {
               "output" : "/actions/default/out/haptic",
               "path" : "/user/hand/left/output/haptic"
            },
            {
               "output" : "/actions/default/out/haptic",
               "path" : "/user/hand/right/output/haptic"
            }
         ],
         "poses" : [
            {
               "output" : "/actions/default/in/pose",
               "path" : "/user/hand/left/pose/raw"
            },
            {
               "output" : "/actions/default/in/pose",
               "path" : "/user/hand/right/pose/raw"
            }
         ],
         "skeleton" : [
            {
               "output" : "/actions/default/in/skeletonlefthand",
               "path" : "/user/hand/left/input/skeleton/left"
            },
            {
               "output" : "/actions/default/in/skeletonrighthand",
               "path" : "/user/hand/right/input/skeleton/right"
            }
         ],
         "sources" : [
            {
               "inputs" : {
                  "touch" : {
                     "output" : "/actions/default/in/touchpadtouch"
                  }
               },
               "mode" : "button",
               "path" : "/user/hand/left/input/trackpad"
            },
            {
               "inputs" : {
                  "touch" : {
                     "output" : "/actions/default/in/touchpadtouch"
                  }
               },
               "mode" : "button",
               "path" : "/user/hand/right/input/trackpad"
            },
            {
               "inputs" : {
                  "click" : {
                     "output" : "/actions/default/in/pickup"
                  }
               },
               "mode" : "button",
               "path" : "/user/hand/left/input/grip"
            },
            {
               "inputs" : {
                  "click" : {
                     "output" : "/actions/default/in/pickup"
                  }
               },
               "mode" : "button",
               "path" : "/user/hand/right/input/grip"
            },
            {
               "inputs" : {
                  "click" : {
                     "output" : "/actions/default/in/trigger"
                  }
               },
               "mode" : "button",
               "path" : "/user/hand/left/input/trigger"
            },
            {
               "inputs" : {
                  "click" : {
                     "output" : "/actions/default/in/trigger"
                  }
               },
               "mode" : "button",
               "path" : "/user/hand/right/input/trigger"
            },
            {
               "inputs" : {
                  "click" : {
                     "output" : "/actions/default/in/touchpadclick"
                  },
                  "position" : {
                     "output" : "/actions/default/in/touchpadposition"
                  }
               },
               "mode" : "trackpad",
               "path" : "/user/hand/left/input/trackpad"
            },
            {
               "inputs" : {
                  "click" : {
                     "output" : "/actions/default/in/touchpadclick"
                  },
                  "position" : {
                     "output" : "/actions/default/in/touchpadposition"
                  }
               },
               "mode" : "trackpad",
               "path" : "/user/hand/right/input/trackpad"
            }
         ]
      },
      "/actions/platformer" : {
         "chords" : [],
         "haptics" : [],
         "poses" : [],
         "skeleton" : [],
         "sources" : [
            {
               "inputs" : {
                  "click" : {
                     "output" : "/actions/platformer/in/jump"
                  }
               },
               "mode" : "button",
               "path" : "/user/hand/left/input/trackpad"
            },
            {
               "inputs" : {
                  "click" : {
                     "output" : "/actions/platformer/in/jump"
                  }
               },
               "mode" : "button",
               "path" : "/user/hand/right/input/trackpad"
            },
            {
               "inputs" : {
                  "position" : {
                     "output" : "/actions/platformer/in/move"
                  }
               },
               "mode" : "trackpad",
               "path" : "/user/hand/left/input/trackpad"
            },
            {
               "inputs" : {
                  "position" : {
                     "output" : "/actions/platformer/in/move"
                  }
               },
               "mode" : "trackpad",
               "path" : "/user/hand/right/input/trackpad"
            }
         ]
      }
   },
   "category" : "steamvr_input",
   "controller_type" : "vive_controller",
   "description" : "",
   "name" : "My PlayVRoom [Testing] configuration for Vive Controller",
   "options" : {},
   "simulated_actions" : []
}
